# EXPORT SYNC v2 - 09/10 - bis - herexport na wijziging Hans, NIET samenvoegen met eerste
PNR;NM;PL;U_NORM;U_NP;U_ZW;U_OV;KM;MK;FL1;FL2;RVK
10412;PEETERS;V1;160,0;0;8,0;0;2450;M1;0;0;
10415;JANSSENS;V2;158,5;0;8,0;6,0;3120;M1;0;1;
10418;MAES;N1;120,0;48,0;13,0;0;4010;M2;0;0;Y
10421;JACOBS;V1;160,0;0;0;0;1980;M1;1;0;
10427;MERTENS;N1;118,25;52,0;20,0;0;4390;M3;0;0;Y
10433;WILLEMS;D;152,0;0;0;0;0;;0;0;
10433;WILLEMS;D;152.0;0;0;0;0;;0;0;
10436;CLAES;V2;160,0;0;15,0;0;2875;M1;0;0;
10440;GOOSSENS;N1;124,0;48,5;12,0;0;4205;M2;0;1;Y
10452;WOUTERS;V1;158,0;0;8,0;0;3650;M2;1;0;Y
10461;DE SMET;V2;160,0;0;10,0;0;2500;M1;0;0;
10463;HERMANS;D;148,0;0;0;0;0;;0;0;
10470;AERTS;N1;122,0;54,0;19,0;0;4560;M3;0;0;Y
10470;AERTS;N1;122,0;54,0;16,0;0;4560;M3;0;0;Y
10478;PAUWELS;V1;161,25;0;8,0;0;2200;M1;0;0;
10481;LAMBRECHT;V2;159,0;0;14,0;0;3900;M2;1;0;Y
10490;VERMEULEN;D;155,0;0;0;0;0;;0;0;
